source_id,category,evidence_class,title,author_or_org,published_or_snapshot_date,accessed_utc,url_or_path,topic_id,scope,key_claim,claimed_method,deck_archetype,compute_sample,evaluation,claimed_rank_score,reproducibility,comments_reviewed,confidence_tier,contradictions_limitations
P001,project,Verified project fact,00_READ_ME_FIRST.md,Project archive,2026-07-24 or earlier,2026-07-24T09:43:04Z,00_READ_ME_FIRST.md,,Primary project evidence,Archive provenance and explicit competence limitation.,,,,,,Source retained; omitted-asset caveats apply,N/A,A,Narrative files were cross-checked against reports/configs/source where possible.
P002,project,Verified project fact,01_CURRENT_STATE_ADDENDUM.md,Project archive,2026-07-24 or earlier,2026-07-24T09:43:04Z,01_CURRENT_STATE_ADDENDUM.md,,Primary project evidence,"Gate status, blockers, TPU observations, and preliminary strategy hypothesis.",,,,,,Source retained; omitted-asset caveats apply,N/A,A,Narrative files were cross-checked against reports/configs/source where possible.
P003,project,Verified project fact,MANIFEST.json,Project archive,2026-07-24 or earlier,2026-07-24T09:43:04Z,MANIFEST.json,,Primary project evidence,345 payload members with hashes and byte counts; independently recalculated clean.,,,,,,Source retained; omitted-asset caveats apply,N/A,A,Narrative files were cross-checked against reports/configs/source where possible.
P004,project,Verified project fact,04_OMITTED_ASSETS.md,Project archive,2026-07-24 or earlier,2026-07-24T09:43:04Z,04_OMITTED_ASSETS.md,,Primary project evidence,"Raw replays, native engine, official card data, full checkpoint, and TPU outputs omitted.",,,,,,Source retained; omitted-asset caveats apply,N/A,A,Narrative files were cross-checked against reports/configs/source where possible.
P005,project,Verified project fact,SECRET_SCAN_REPORT.json,Project archive,2026-07-24 or earlier,2026-07-24T09:43:04Z,SECRET_SCAN_REPORT.json,,Primary project evidence,Packager secret/binary scan passed; not proof beyond scanned patterns.,,,,,,Source retained; omitted-asset caveats apply,N/A,A,Narrative files were cross-checked against reports/configs/source where possible.
P006,project,Verified project fact,05_LIVE_KAGGLE_SNAPSHOT_2026-07-24.json,Project archive,2026-07-24 or earlier,2026-07-24T09:43:04Z,05_LIVE_KAGGLE_SNAPSHOT_2026-07-24.json,,Primary project evidence,Same-day provisional top-25 leaderboard and quota snapshot.,,,,,,Source retained; omitted-asset caveats apply,N/A,A,Narrative files were cross-checked against reports/configs/source where possible.
P007,project,Verified project fact,01_MASTER_PLAN.md,Project archive,2026-07-24 or earlier,2026-07-24T09:43:04Z,root_context/01_MASTER_PLAN.md,,Primary project evidence,Original evidence-first gate programme and authorization boundaries.,,,,,,Source retained; omitted-asset caveats apply,N/A,A,Narrative files were cross-checked against reports/configs/source where possible.
P008,project,Verified project fact,PROJECT_STATUS.md,Project archive,2026-07-24 or earlier,2026-07-24T09:43:04Z,project/PROJECT_STATUS.md,,Primary project evidence,Narrative project status to cross-check.,,,,,,Source retained; omitted-asset caveats apply,N/A,A,Narrative files were cross-checked against reports/configs/source where possible.
P009,project,Verified project fact,PROGRESS_REPORT.md,Project archive,2026-07-24 or earlier,2026-07-24T09:43:04Z,project/PROGRESS_REPORT.md,,Primary project evidence,Progress narrative and engineering claims to cross-check.,,,,,,Source retained; omitted-asset caveats apply,N/A,A,Narrative files were cross-checked against reports/configs/source where possible.
P010,project,Verified project fact,g1r-gate-report.json,Project archive,2026-07-24 or earlier,2026-07-24T09:43:04Z,project/reports/gates/g1r-gate-report.json,,Primary project evidence,G1R action/environment gate PASS.,,,,,,Source retained; omitted-asset caveats apply,N/A,A,Narrative files were cross-checked against reports/configs/source where possible.
P011,project,Verified project fact,g2-gate-report.json,Project archive,2026-07-24 or earlier,2026-07-24T09:43:04Z,project/reports/gates/g2-gate-report.json,,Primary project evidence,G2 architecture/reliability gate PASS; no strength claim.,,,,,,Source retained; omitted-asset caveats apply,N/A,A,Narrative files were cross-checked against reports/configs/source where possible.
P012,project,Verified project fact,g3a-gate-report.json,Project archive,2026-07-24 or earlier,2026-07-24T09:43:04Z,project/reports/gates/g3a-gate-report.json,,Primary project evidence,Toy PPO correctness qualification PASS.,,,,,,Source retained; omitted-asset caveats apply,N/A,A,Narrative files were cross-checked against reports/configs/source where possible.
P013,project,Verified project fact,g3b-gate-report.json,Project archive,2026-07-24 or earlier,2026-07-24T09:43:04Z,project/reports/gates/g3b-gate-report.json,,Primary project evidence,G3b blocked/not reviewed; integration and launch evidence absent.,,,,,,Source retained; omitted-asset caveats apply,N/A,A,Narrative files were cross-checked against reports/configs/source where possible.
P014,project,Verified project fact,r1-gate-report.json,Project archive,2026-07-24 or earlier,2026-07-24T09:43:04Z,project/reports/gates/r1-gate-report.json,,Primary project evidence,Lag-aligned semantic replay contract PASS on retained sample.,,,,,,Source retained; omitted-asset caveats apply,N/A,A,Narrative files were cross-checked against reports/configs/source where possible.
P015,project,Verified project fact,g2-neural-reliability-v1.json,Project archive,2026-07-24 or earlier,2026-07-24T09:43:04Z,project/reports/evaluations/g2-neural-reliability-v1.json,,Primary project evidence,"10,000 games; 1,156,383 meaningful choices; zero reliability counters; 1.9768 games/s.",,,,,,Source retained; omitted-asset caveats apply,N/A,A,Narrative files were cross-checked against reports/configs/source where possible.
P016,project,Verified project fact,g2-policy-v1.json,Project archive,2026-07-24 or earlier,2026-07-24T09:43:04Z,project/reports/artifacts/g2-policy-v1.json,,Primary project evidence,"970,022-parameter recurrent semantic policy receipt.",,,,,,Source retained; omitted-asset caveats apply,N/A,A,Narrative files were cross-checked against reports/configs/source where possible.
P017,project,Verified project fact,g2_policy_v1.json,Project archive,2026-07-24 or earlier,2026-07-24T09:43:04Z,project/configs/g2_policy_v1.json,,Primary project evidence,"Architecture widths, embeddings, transformer/GRU settings.",,,,,,Source retained; omitted-asset caveats apply,N/A,A,Narrative files were cross-checked against reports/configs/source where possible.
P018,project,Verified project fact,g3a_evaluation_v1.json,Project archive,2026-07-24 or earlier,2026-07-24T09:43:04Z,project/configs/g3a_evaluation_v1.json,,Primary project evidence,Strict toy/evaluation contract; forbids strength claim.,,,,,,Source retained; omitted-asset caveats apply,N/A,A,Narrative files were cross-checked against reports/configs/source where possible.
P019,project,Verified project fact,g3b_competence_plan_v1.json,Project archive,2026-07-24 or earlier,2026-07-24T09:43:04Z,project/configs/g3b_competence_plan_v1.json,,Primary project evidence,"Frozen PPO-first plan, exact budgets, disabled BC/search/reward shaping.",,,,,,Source retained; omitted-asset caveats apply,N/A,A,Narrative files were cross-checked against reports/configs/source where possible.
P020,project,Verified project fact,actions.py,Project archive,2026-07-24 or earlier,2026-07-24T09:43:04Z,project/src/ptcg_rl/g1/actions.py,,Primary project evidence,Ordered unique without-replacement multi-select and STOP probability contract.,,,,,,Source retained; omitted-asset caveats apply,N/A,A,Narrative files were cross-checked against reports/configs/source where possible.
P021,project,Verified project fact,environment.py,Project archive,2026-07-24 or earlier,2026-07-24T09:43:04Z,project/src/ptcg_rl/g1/environment.py,,Primary project evidence,"One battle per environment, terminal ordering, fail-closed training and submission fallback.",,,,,,Source retained; omitted-asset caveats apply,N/A,A,Narrative files were cross-checked against reports/configs/source where possible.
P022,project,Verified project fact,recurrent.py,Project archive,2026-07-24 or earlier,2026-07-24T09:43:04Z,project/src/ptcg_rl/g1/recurrent.py,,Primary project evidence,Recurrent ownership/version ledger and stale/out-of-order checks.,,,,,,Source retained; omitted-asset caveats apply,N/A,A,Narrative files were cross-checked against reports/configs/source where possible.
P023,project,Verified project fact,projection.py,Project archive,2026-07-24 or earlier,2026-07-24T09:43:04Z,project/src/ptcg_rl/g2/projection.py,,Primary project evidence,Public-state semantic projection; raw option index excluded.,,,,,,Source retained; omitted-asset caveats apply,N/A,A,Narrative files were cross-checked against reports/configs/source where possible.
P024,project,Verified project fact,network.py,Project archive,2026-07-24 or earlier,2026-07-24T09:43:04Z,project/src/ptcg_rl/g2/network.py,,Primary project evidence,"Static card/entity transformer, event/public GRUs, value head, option scorer and STOP decoder.",,,,,,Source retained; omitted-asset caveats apply,N/A,A,Narrative files were cross-checked against reports/configs/source where possible.
P025,project,Verified project fact,ppo.py,Project archive,2026-07-24 or earlier,2026-07-24T09:43:04Z,project/src/ptcg_rl/g3/ppo.py,,Primary project evidence,"Compound-action PPO replay, clipping/KL/value/entropy logic.",,,,,,Source retained; omitted-asset caveats apply,N/A,A,Narrative files were cross-checked against reports/configs/source where possible.
P026,project,Verified project fact,gae.py,Project archive,2026-07-24 or earlier,2026-07-24T09:43:04Z,project/src/ptcg_rl/g3/gae.py,,Primary project evidence,Terminal/truncation-aware GAE implementation.,,,,,,Source retained; omitted-asset caveats apply,N/A,A,Narrative files were cross-checked against reports/configs/source where possible.
P027,project,Verified project fact,semantic_loader.py,Project archive,2026-07-24 or earlier,2026-07-24T09:43:04Z,project/src/ptcg_rl/replay/semantic_loader.py,,Primary project evidence,Lag-aligned action/request mapping and action validation.,,,,,,Source retained; omitted-asset caveats apply,N/A,A,Narrative files were cross-checked against reports/configs/source where possible.
P028,project,Verified project fact,r1-replay-audit.json,Project archive,2026-07-24 or earlier,2026-07-24T09:43:04Z,project/reports/replays/r1-replay-audit.json,,Primary project evidence,"20 episodes; 2,999 decisions; 3,275 selected options; zero unresolved.",,,,,,Source retained; omitted-asset caveats apply,N/A,A,Narrative files were cross-checked against reports/configs/source where possible.
P029,project,Verified project fact,main.py,Project archive,2026-07-24 or earlier,2026-07-24T09:43:04Z,private_context/baselines/mega-lucario/main.py,,Primary project evidence,508-line tactical specialist rule policy and exact list.,,,,,,Source retained; omitted-asset caveats apply,N/A,A,Narrative files were cross-checked against reports/configs/source where possible.
P030,project,Verified project fact,main.py,Project archive,2026-07-24 or earlier,2026-07-24T09:43:04Z,private_context/baselines/mega-abomasnow/main.py,,Primary project evidence,267-line low-complexity Hammer-lanche policy.,,,,,,Source retained; omitted-asset caveats apply,N/A,A,Narrative files were cross-checked against reports/configs/source where possible.
P031,project,Verified project fact,main.py,Project archive,2026-07-24 or earlier,2026-07-24T09:43:04Z,private_context/baselines/dragapult-ex/main.py,,Primary project evidence,853-line spread-damage/prize-map planner and exact list.,,,,,,Source retained; omitted-asset caveats apply,N/A,A,Narrative files were cross-checked against reports/configs/source where possible.
P032,project,Verified project fact,kptcg-g3b-tpu-environment-v1.ipynb,Project archive,2026-07-24 or earlier,2026-07-24T09:43:04Z,private_context/kaggle/notebooks/kptcg-g3b-tpu-environment-v1.ipynb,,Primary project evidence,TPU environment qualification notebook; no competence training.,,,,,,Source retained; omitted-asset caveats apply,N/A,A,Narrative files were cross-checked against reports/configs/source where possible.
P033,project,Verified project fact,g3b-tpu-environment-input-v2.json,Project archive,2026-07-24 or earlier,2026-07-24T09:43:04Z,private_context/kaggle/g3b-tpu-environment-input-v2.json,,Primary project evidence,Repaired TPU input contract and fail-closed qualification.,,,,,,Source retained; omitted-asset caveats apply,N/A,A,Narrative files were cross-checked against reports/configs/source where possible.
P034,project,Verified project fact,research_index.md,Project archive,2026-07-24 or earlier,2026-07-24T09:43:04Z,root_context/research-docs/research_index.md,,Primary project evidence,"July 16 forum snapshot: 146 current topics, 56 high-signal full reads and nested replies.",,,,,,Source retained; omitted-asset caveats apply,N/A,A,Narrative files were cross-checked against reports/configs/source where possible.
O001,official,Verified live fact,Pokémon TCG AI Battle Challenge official site,The Pokémon Company / organizers,2026-07-24 live,2026-07-24T09:43:04Z,https://ptcg-abc.pokemon.co.jp/,,Current rules/runtime/deadline/leaderboard access,Simulation deadline 2026-08-17 08:59 JST; five submissions/day; proprietary live rating; strategy deadline 2026-09-14 08:59 JST; about two weeks final evaluation.,,,,,,Public URL or archived connector snapshot,N/A,A,
O002,official,Verified live fact,Official FAQ,The Pokémon Company / organizers,2026-07-24 live,2026-07-24T09:43:04Z,https://ptcg-abc.pokemon.co.jp/faq/index.html,,Current rules/runtime/deadline/leaderboard access,"Dates, designated card pool, strategy judging/top-eight process; Kaggle rules prevail where applicable.",,,,,,Public URL or archived connector snapshot,N/A,A,
O003,official,Verified live fact,Kaggle competition overview,Kaggle / competition host,2026-07-24 attempted,2026-07-24T09:43:04Z,https://www.kaggle.com/competitions/pokemon-tcg-ai-battle/overview,,Current rules/runtime/deadline/leaderboard access,Authoritative rules/evaluation/submission pages are dynamically rendered; current body could not be independently extracted anonymously.,,,,,,Public URL or archived connector snapshot,N/A,A,Kaggle dynamic pages and authenticated data prevented an independent same-minute leaderboard/full-forum refresh.
O004,official,Verified live fact,CABT API overview,Matsuo Institute / CABT,2026-07-24 live,2026-07-24T09:43:04Z,https://matsuoinstitute.github.io/cabt/api.html,,Current rules/runtime/deadline/leaderboard access,Public state and selection interfaces; variable legal options and native search structures.,,,,,,Public URL or archived connector snapshot,N/A,A,
O005,official,Verified live fact,CABT Simulation module,Matsuo Institute / CABT,2026-07-24 live,2026-07-24T09:43:04Z,https://matsuoinstitute.github.io/cabt/simulation.html,,Current rules/runtime/deadline/leaderboard access,Native simulator bindings and battle interaction surface.,,,,,,Public URL or archived connector snapshot,N/A,A,
O006,official,Verified live fact,Kaggle CLI competition commands,Kaggle,2026-07-24 live,2026-07-24T09:43:04Z,https://github.com/Kaggle/kaggle-cli/blob/main/docs/competitions.md,,Current rules/runtime/deadline/leaderboard access,"Official CLI supports leaderboard and discussion list sorted hot/top/new/recent/active, and full topic/comment tree display.",,,,,,Public URL or archived connector snapshot,N/A,A,
O007,official,Verified live fact,Kaggle CLI repository,Kaggle,2026-07-24 live,2026-07-24T09:43:04Z,https://github.com/Kaggle/kaggle-cli,,Current rules/runtime/deadline/leaderboard access,Official CLI browse/read forum capability; authentication is required for relevant competition calls.,,,,,,Public URL or archived connector snapshot,N/A,A,
O008,official,Verified live fact,Kaggle simulation competition CLI guide,Kaggle,2026-07-24 live,2026-07-24T09:43:04Z,https://github.com/Kaggle/kaggle-cli/blob/main/docs/simulation_competitions.md,,Current rules/runtime/deadline/leaderboard access,Simulation episode/replay/agent log workflow and submission operations.,,,,,,Public URL or archived connector snapshot,N/A,A,
O009,official,Provisional project measurement,July 24 leaderboard/quota connector snapshot,Project packager via Kaggle connector,2026-07-24,2026-07-24T09:43:04Z,05_LIVE_KAGGLE_SNAPSHOT_2026-07-24.json,,Current rules/runtime/deadline/leaderboard access,Top score 1198.0; rank 10 1115.6; rank 20 1102.1; GPU 24.358 h and TPU 18.425 h before refresh.,,,,,,Public URL or archived connector snapshot,N/A,B,Kaggle dynamic pages and authenticated data prevented an independent same-minute leaderboard/full-forum refresh.
O010,official,Verified live fact,Official Kaggle competition announcement,Kaggle,2026-07 public post; live access 2026-07-24,2026-07-24T09:43:04Z,https://www.linkedin.com/posts/kaggle_the-pok%C3%A9mon-company-ptcg-ai-battle-challenge-activity-7472997208372609024-u-Zd,,Current rules/runtime/deadline/leaderboard access,"Simulation entry deadline August 9, 2026; Strategy entry deadline September 6, 2026; participation in Strategy requires participation in Simulation.",,,,,,Public URL or archived connector snapshot,N/A,A,
F717697,kaggle_discussion,Forum report,Sharing my Reinforcement Learning journey,Not retained in compact archive synthesis; host role noted where applicable,Read through 2026-07-16 snapshot,2026-07-24T09:43:04Z,https://www.kaggle.com/competitions/pokemon-tcg-ai-battle/discussion/717697,717697,RL and agent improvement,"Pure recurrent self-play/RL, curriculum, compact representation; reports high throughput, millions of games and eventual silver after bug fixes.",PPO/self-play + curriculum,multiple specialist/generalist,3-5M games claimed; ~7k steps/s and 45 games/s claimed,Local bots plus live ladder,silver claimed after fixes,Full original and every available nested reply read by archived research process; source text not duplicated in bundle,YES—all available comments/nested replies as of 2026-07-16,B,Existence proof only; no code/checkpoint/settled attribution in archive; survivorship and deck sensitivity.
F711644,kaggle_discussion,Forum report,RL/PPO/MCTS experience,Not retained in compact archive synthesis; host role noted where applicable,Read through 2026-07-16 snapshot,2026-07-24T09:43:04Z,https://www.kaggle.com/competitions/pokemon-tcg-ai-battle/discussion/711644,711644,RL and agent improvement,A Lucario clone reached high action agreement but poor teacher H2H; PPO with KL and search only partly recovered; separate Crustle hybrid report improved Elo.,"BC, PPO+KL, PUCT",Mega Lucario; Crustle,"66% combo match, ~10% teacher H2H, ~25% after PPO+KL; 10-rollout PUCT; +65 Elo Crustle report",Teacher H2H and local Elo,participant reports,Full original and every available nested reply read by archived research process; source text not duplicated in bundle,YES—all available comments/nested replies as of 2026-07-16,B,Contradictory outcomes across decks; multiple methods and selection effects.
F713608,kaggle_discussion,Forum report,"What We Tried, What Ceilinged",Not retained in compact archive synthesis; host role noted where applicable,Read through 2026-07-16 snapshot,2026-07-24T09:43:04Z,https://www.kaggle.com/competitions/pokemon-tcg-ai-battle/discussion/713608,713608,RL and agent improvement,"Detailed negative results: native option order strong, card-ID transformer ceiling, BC/DAgger action accuracy failed on policy, search helped weak Alakazam but hurt strong Starmie.","BC/DAgger, transformer, PPO/search ablations",Alakazam; Starmie,BC/DAgger up to 99% action accuracy; H2H 28-41%; search +11.3 pp weak/-15.4 pp strong,Local controlled comparisons,not a settled leaderboard claim,Full original and every available nested reply read by archived research process; source text not duplicated in bundle,YES—all available comments/nested replies as of 2026-07-16,A-,High signal but participant-defined harness; exact code/data not retained here.
F709414,kaggle_discussion,Forum report,"Rule-based, RL, or agentic RLed?",Not retained in compact archive synthesis; host role noted where applicable,Read through 2026-07-16 snapshot,2026-07-24T09:43:04Z,https://www.kaggle.com/competitions/pokemon-tcg-ai-battle/discussion/709414,709414,RL and agent improvement,"Full post and all available nested replies were reviewed in the archive synthesis for: Rule-based, RL, or agentic RLed?.",See archive synthesis,,,,,Full original and every available nested reply read by archived research process; source text not duplicated in bundle,YES—all available comments/nested replies as of 2026-07-16,C,"Author, exact dates, compute, and rank were not retained in the compact synthesis; do not infer them."
F709304,kaggle_discussion,Forum report,Kiyota RL/MCTS sample rerun,Not retained in compact archive synthesis; host role noted where applicable,Read through 2026-07-16 snapshot,2026-07-24T09:43:04Z,https://www.kaggle.com/competitions/pokemon-tcg-ai-battle/discussion/709304,709304,RL and agent improvement,Public RL/MCTS sample reportedly improved locally then regressed; illustrates checkpoint selection instability.,RL/MCTS,unspecified,local 18% to 74% then ~60% report,Local rerun,no full submission proof,Full original and every available nested reply read by archived research process; source text not duplicated in bundle,YES—all available comments/nested replies as of 2026-07-16,B-,Reproducibility partial; no settled field result.
F726696,kaggle_discussion,Forum report,Heuristic vs RL performance,Not retained in compact archive synthesis; host role noted where applicable,Read through 2026-07-16 snapshot,2026-07-24T09:43:04Z,https://www.kaggle.com/competitions/pokemon-tcg-ai-battle/discussion/726696,726696,RL and agent improvement,Full post and all available nested replies were reviewed in the archive synthesis for: Heuristic vs RL performance.,See archive synthesis,,,,,Full original and every available nested reply read by archived research process; source text not duplicated in bundle,YES—all available comments/nested replies as of 2026-07-16,C,"Author, exact dates, compute, and rank were not retained in the compact synthesis; do not infer them."
F712654,kaggle_discussion,Forum report,Card2vec embeddings for RL,Not retained in compact archive synthesis; host role noted where applicable,Read through 2026-07-16 snapshot,2026-07-24T09:43:04Z,https://www.kaggle.com/competitions/pokemon-tcg-ai-battle/discussion/712654,712654,RL and agent improvement,Full post and all available nested replies were reviewed in the archive synthesis for: Card2vec embeddings for RL.,See archive synthesis,,,,,Full original and every available nested reply read by archived research process; source text not duplicated in bundle,YES—all available comments/nested replies as of 2026-07-16,C,"Author, exact dates, compute, and rank were not retained in the compact synthesis; do not infer them."
F715572,kaggle_discussion,Forum report,Attack damage lookup,Not retained in compact archive synthesis; host role noted where applicable,Read through 2026-07-16 snapshot,2026-07-24T09:43:04Z,https://www.kaggle.com/competitions/pokemon-tcg-ai-battle/discussion/715572,715572,RL and agent improvement,Full post and all available nested replies were reviewed in the archive synthesis for: Attack damage lookup.,See archive synthesis,,,,,Full original and every available nested reply read by archived research process; source text not duplicated in bundle,YES—all available comments/nested replies as of 2026-07-16,C,"Author, exact dates, compute, and rank were not retained in the compact synthesis; do not infer them."
F721338,kaggle_discussion,Forum report,Boss's Orders and Ultra Ball decisions,Not retained in compact archive synthesis; host role noted where applicable,Read through 2026-07-16 snapshot,2026-07-24T09:43:04Z,https://www.kaggle.com/competitions/pokemon-tcg-ai-battle/discussion/721338,721338,RL and agent improvement,Full post and all available nested replies were reviewed in the archive synthesis for: Boss's Orders and Ultra Ball decisions.,See archive synthesis,,,,,Full original and every available nested reply read by archived research process; source text not duplicated in bundle,YES—all available comments/nested replies as of 2026-07-16,C,"Author, exact dates, compute, and rank were not retained in the compact synthesis; do not infer them."
F711280,kaggle_discussion,Forum report,Universal vs deck-specific agent design,Not retained in compact archive synthesis; host role noted where applicable,Read through 2026-07-16 snapshot,2026-07-24T09:43:04Z,https://www.kaggle.com/competitions/pokemon-tcg-ai-battle/discussion/711280,711280,RL and agent improvement,Full post and all available nested replies were reviewed in the archive synthesis for: Universal vs deck-specific agent design.,See archive synthesis,,,,,Full original and every available nested reply read by archived research process; source text not duplicated in bundle,YES—all available comments/nested replies as of 2026-07-16,C,"Author, exact dates, compute, and rank were not retained in the compact synthesis; do not infer them."
F709490,kaggle_discussion,Forum report,Lessons from previous card-game AI competitions,Not retained in compact archive synthesis; host role noted where applicable,Read through 2026-07-16 snapshot,2026-07-24T09:43:04Z,https://www.kaggle.com/competitions/pokemon-tcg-ai-battle/discussion/709490,709490,RL and agent improvement,Full post and all available nested replies were reviewed in the archive synthesis for: Lessons from previous card-game AI competitions.,See archive synthesis,,,,,Full original and every available nested reply read by archived research process; source text not duplicated in bundle,YES—all available comments/nested replies as of 2026-07-16,C,"Author, exact dates, compute, and rank were not retained in the compact synthesis; do not infer them."
F724637,kaggle_discussion,Forum report,RL/MCTS and mathematical theories,Not retained in compact archive synthesis; host role noted where applicable,Read through 2026-07-16 snapshot,2026-07-24T09:43:04Z,https://www.kaggle.com/competitions/pokemon-tcg-ai-battle/discussion/724637,724637,RL and agent improvement,Full post and all available nested replies were reviewed in the archive synthesis for: RL/MCTS and mathematical theories.,See archive synthesis,,,,,Full original and every available nested reply read by archived research process; source text not duplicated in bundle,YES—all available comments/nested replies as of 2026-07-16,C,"Author, exact dates, compute, and rank were not retained in the compact synthesis; do not infer them."
F715117,kaggle_discussion,Forum report,Japanese no-RL progress report,Not retained in compact archive synthesis; host role noted where applicable,Read through 2026-07-16 snapshot,2026-07-24T09:43:04Z,https://www.kaggle.com/competitions/pokemon-tcg-ai-battle/discussion/715117,715117,RL and agent improvement,Full post and all available nested replies were reviewed in the archive synthesis for: Japanese no-RL progress report.,See archive synthesis,,,,,Full original and every available nested reply read by archived research process; source text not duplicated in bundle,YES—all available comments/nested replies as of 2026-07-16,C,"Author, exact dates, compute, and rank were not retained in the compact synthesis; do not infer them."
F709974,kaggle_discussion,Forum report,Japanese AI progress,Not retained in compact archive synthesis; host role noted where applicable,Read through 2026-07-16 snapshot,2026-07-24T09:43:04Z,https://www.kaggle.com/competitions/pokemon-tcg-ai-battle/discussion/709974,709974,RL and agent improvement,Full post and all available nested replies were reviewed in the archive synthesis for: Japanese AI progress.,See archive synthesis,,,,,Full original and every available nested reply read by archived research process; source text not duplicated in bundle,YES—all available comments/nested replies as of 2026-07-16,C,"Author, exact dates, compute, and rank were not retained in the compact synthesis; do not infer them."
F712119,kaggle_discussion,Forum report (host/organizer clarification),Self-play/human-play logs as external data,Not retained in compact archive synthesis; host role noted where applicable,Read through 2026-07-16 snapshot,2026-07-24T09:43:04Z,https://www.kaggle.com/competitions/pokemon-tcg-ai-battle/discussion/712119,712119,"Replay, supervision, and meta",Host clarification on self-generated/external gameplay logs and competition external-data constraints.,Data-use clarification,,,,,Full original and every available nested reply read by archived research process; source text not duplicated in bundle,YES—all available comments/nested replies as of 2026-07-16,A,Official rules still override comments.
F716557,kaggle_discussion,Forum report,Episode JSON action/observation alignment,Not retained in compact archive synthesis; host role noted where applicable,Read through 2026-07-16 snapshot,2026-07-24T09:43:04Z,https://www.kaggle.com/competitions/pokemon-tcg-ai-battle/discussion/716557,716557,"Replay, supervision, and meta",Questions about replay action/observation lag alignment; supports mapping action at t to prior request.,Behavior cloning data alignment,,,,,Full original and every available nested reply read by archived research process; source text not duplicated in bundle,YES—all available comments/nested replies as of 2026-07-16,B,Question thread; project independently validates a lag-aligned contract.
F717279,kaggle_discussion,Forum report,Replay action alignment correction,Not retained in compact archive synthesis; host role noted where applicable,Read through 2026-07-16 snapshot,2026-07-24T09:43:04Z,https://www.kaggle.com/competitions/pokemon-tcg-ai-battle/discussion/717279,717279,"Replay, supervision, and meta",Correction/clarification of replay action alignment.,Replay parsing,,,,,Full original and every available nested reply read by archived research process; source text not duplicated in bundle,YES—all available comments/nested replies as of 2026-07-16,B,"Must verify against raw episode bodies, omitted here."
F718783,kaggle_discussion,Forum report,Replay triage template,Not retained in compact archive synthesis; host role noted where applicable,Read through 2026-07-16 snapshot,2026-07-24T09:43:04Z,https://www.kaggle.com/competitions/pokemon-tcg-ai-battle/discussion/718783,718783,"Replay, supervision, and meta",Full post and all available nested replies were reviewed in the archive synthesis for: Replay triage template.,See archive synthesis,,,,,Full original and every available nested reply read by archived research process; source text not duplicated in bundle,YES—all available comments/nested replies as of 2026-07-16,C,"Author, exact dates, compute, and rank were not retained in the compact synthesis; do not infer them."
F717832,kaggle_discussion,Forum report,Replay log curation,Not retained in compact archive synthesis; host role noted where applicable,Read through 2026-07-16 snapshot,2026-07-24T09:43:04Z,https://www.kaggle.com/competitions/pokemon-tcg-ai-battle/discussion/717832,717832,"Replay, supervision, and meta",Full post and all available nested replies were reviewed in the archive synthesis for: Replay log curation.,See archive synthesis,,,,,Full original and every available nested reply read by archived research process; source text not duplicated in bundle,YES—all available comments/nested replies as of 2026-07-16,C,"Author, exact dates, compute, and rank were not retained in the compact synthesis; do not infer them."
F709160,kaggle_discussion,Forum report (host/organizer clarification),Daily Top Episodes datasets,Not retained in compact archive synthesis; host role noted where applicable,Read through 2026-07-16 snapshot,2026-07-24T09:43:04Z,https://www.kaggle.com/competitions/pokemon-tcg-ai-battle/discussion/709160,709160,"Replay, supervision, and meta",Kaggle staff states daily top episodes are selected toward high average participant rating.,Dataset publication,,,,,Full original and every available nested reply read by archived research process; source text not duplicated in bundle,YES—all available comments/nested replies as of 2026-07-16,A,Explicit selection bias; not representative of hidden field.
F724362,kaggle_discussion,Forum report,"Analysis of 30,000 top-team games",Not retained in compact archive synthesis; host role noted where applicable,Read through 2026-07-16 snapshot,2026-07-24T09:43:04Z,https://www.kaggle.com/competitions/pokemon-tcg-ai-battle/discussion/724362,724362,"Replay, supervision, and meta",Participant analyzed ~30k top-team games and inferred bounded search from timing patterns.,Timing/meta inference; possible model+search,,"30,000 games",Public replay timing analysis,,Full original and every available nested reply read by archived research process; source text not duplicated in bundle,YES—all available comments/nested replies as of 2026-07-16,B,"Search use is inference, not disclosed fact; visible-top selection bias."
F709263,kaggle_discussion,Forum report,Daily public meta notes,Not retained in compact archive synthesis; host role noted where applicable,Read through 2026-07-16 snapshot,2026-07-24T09:43:04Z,https://www.kaggle.com/competitions/pokemon-tcg-ai-battle/discussion/709263,709263,"Replay, supervision, and meta",Daily visible meta notes show rapid deck turnover.,Meta monitoring,Crustle/Lucario/Psychic/Starmie etc.,,Public episodes,,Full original and every available nested reply read by archived research process; source text not duplicated in bundle,YES—all available comments/nested replies as of 2026-07-16,B-,"Small, selected daily samples; nonstationary."
F709554,kaggle_discussion,Forum report,Public Top-100 meta snapshot,Not retained in compact archive synthesis; host role noted where applicable,Read through 2026-07-16 snapshot,2026-07-24T09:43:04Z,https://www.kaggle.com/competitions/pokemon-tcg-ai-battle/discussion/709554,709554,"Replay, supervision, and meta",Top-100 visible meta snapshot reported heavy Fighting/Psychic/Lightning concentration.,Meta analysis,multiple,top-100 snapshot,Visible public data,,Full original and every available nested reply read by archived research process; source text not duplicated in bundle,YES—all available comments/nested replies as of 2026-07-16,B,Date-specific and not hidden evaluation distribution.
F709498,kaggle_discussion,Forum report,Public matchup matrix,Not retained in compact archive synthesis; host role noted where applicable,Read through 2026-07-16 snapshot,2026-07-24T09:43:04Z,https://www.kaggle.com/competitions/pokemon-tcg-ai-battle/discussion/709498,709498,"Replay, supervision, and meta",Public matchup matrix used to expose archetype holes.,Cross-play matrix,multiple,,Public episodes/local,,Full original and every available nested reply read by archived research process; source text not duplicated in bundle,YES—all available comments/nested replies as of 2026-07-16,B,"Useful screening, unstable rating estimate."
F712011,kaggle_discussion,Forum report,Japanese City League deck dataset,Not retained in compact archive synthesis; host role noted where applicable,Read through 2026-07-16 snapshot,2026-07-24T09:43:04Z,https://www.kaggle.com/competitions/pokemon-tcg-ai-battle/discussion/712011,712011,"Replay, supervision, and meta",Full post and all available nested replies were reviewed in the archive synthesis for: Japanese City League deck dataset.,See archive synthesis,,,,,Full original and every available nested reply read by archived research process; source text not duplicated in bundle,YES—all available comments/nested replies as of 2026-07-16,C,"Author, exact dates, compute, and rank were not retained in the compact synthesis; do not infer them."
F716207,kaggle_discussion,Forum report,Archaludon meta counter discoveries,Not retained in compact archive synthesis; host role noted where applicable,Read through 2026-07-16 snapshot,2026-07-24T09:43:04Z,https://www.kaggle.com/competitions/pokemon-tcg-ai-battle/discussion/716207,716207,"Replay, supervision, and meta",Full post and all available nested replies were reviewed in the archive synthesis for: Archaludon meta counter discoveries.,See archive synthesis,,,,,Full original and every available nested reply read by archived research process; source text not duplicated in bundle,YES—all available comments/nested replies as of 2026-07-16,C,"Author, exact dates, compute, and rank were not retained in the compact synthesis; do not infer them."
F712481,kaggle_discussion,Forum report,Live meta dashboard and API,Not retained in compact archive synthesis; host role noted where applicable,Read through 2026-07-16 snapshot,2026-07-24T09:43:04Z,https://www.kaggle.com/competitions/pokemon-tcg-ai-battle/discussion/712481,712481,"Replay, supervision, and meta",Full post and all available nested replies were reviewed in the archive synthesis for: Live meta dashboard and API.,See archive synthesis,,,,,Full original and every available nested reply read by archived research process; source text not duplicated in bundle,YES—all available comments/nested replies as of 2026-07-16,C,"Author, exact dates, compute, and rank were not retained in the compact synthesis; do not infer them."
F710545,kaggle_discussion,Forum report,Replay interpretation question,Not retained in compact archive synthesis; host role noted where applicable,Read through 2026-07-16 snapshot,2026-07-24T09:43:04Z,https://www.kaggle.com/competitions/pokemon-tcg-ai-battle/discussion/710545,710545,"Replay, supervision, and meta",Full post and all available nested replies were reviewed in the archive synthesis for: Replay interpretation question.,See archive synthesis,,,,,Full original and every available nested reply read by archived research process; source text not duplicated in bundle,YES—all available comments/nested replies as of 2026-07-16,C,"Author, exact dates, compute, and rank were not retained in the compact synthesis; do not infer them."
F717141,kaggle_discussion,Forum report (host/organizer clarification),Game engine source code,Not retained in compact archive synthesis; host role noted where applicable,Read through 2026-07-16 snapshot,2026-07-24T09:43:04Z,https://www.kaggle.com/competitions/pokemon-tcg-ai-battle/discussion/717141,717141,"Engine, rules, and runtime",Host clarification that derived/adapted/compiled engine code may be used subject to rules; redistribution remains restricted.,Rules/engine clarification,,,,,Full original and every available nested reply read by archived research process; source text not duplicated in bundle,YES—all available comments/nested replies as of 2026-07-16,A,Competition rules/license scope controls.
F711737,kaggle_discussion,Forum report (host/organizer clarification),Engine source/reverse-engineering ruling,Not retained in compact archive synthesis; host role noted where applicable,Read through 2026-07-16 snapshot,2026-07-24T09:43:04Z,https://www.kaggle.com/competitions/pokemon-tcg-ai-battle/discussion/711737,711737,"Engine, rules, and runtime",Engine source/reverse-engineering ruling.,Rules clarification,,,,,Full original and every available nested reply read by archived research process; source text not duplicated in bundle,YES—all available comments/nested replies as of 2026-07-16,A,Current rules prevail.
F708586,kaggle_discussion,Forum report (host/organizer clarification),Official rules vs simulator behavior,Not retained in compact archive synthesis; host role noted where applicable,Read through 2026-07-16 snapshot,2026-07-24T09:43:04Z,https://www.kaggle.com/competitions/pokemon-tcg-ai-battle/discussion/708586,708586,"Engine, rules, and runtime",Host clarification on simulator-vs-tabletop behavior and optional selection semantics.,Rules clarification,,,,,Full original and every available nested reply read by archived research process; source text not duplicated in bundle,YES—all available comments/nested replies as of 2026-07-16,A,Historical engine details may have changed.
F716045,kaggle_discussion,Forum report (host/organizer clarification),Updated simulation environment,Not retained in compact archive synthesis; host role noted where applicable,Read through 2026-07-16 snapshot,2026-07-24T09:43:04Z,https://www.kaggle.com/competitions/pokemon-tcg-ai-battle/discussion/716045,716045,"Engine, rules, and runtime",Host environment update changed libraries/step limits and reported target match rate and random-opponent fraction at that time.,Runtime update,,"~48 matches/day target, ~10% random at that time",,,Full original and every available nested reply read by archived research process; source text not duplicated in bundle,YES—all available comments/nested replies as of 2026-07-16,A-,Mutable runtime; archived date-specific statement.
F708810,kaggle_discussion,Forum report,Inference environment,Not retained in compact archive synthesis; host role noted where applicable,Read through 2026-07-16 snapshot,2026-07-24T09:43:04Z,https://www.kaggle.com/competitions/pokemon-tcg-ai-battle/discussion/708810,708810,"Engine, rules, and runtime",Reports CPU-only inference around 1.6 vCPU/8 GB and cumulative game budget.,Runtime,,,,,Full original and every available nested reply read by archived research process; source text not duplicated in bundle,YES—all available comments/nested replies as of 2026-07-16,A-,Forum/runtime report; current server not independently probed.
F726708,kaggle_discussion,Forum report,Per-game time limit,Not retained in compact archive synthesis; host role noted where applicable,Read through 2026-07-16 snapshot,2026-07-24T09:43:04Z,https://www.kaggle.com/competitions/pokemon-tcg-ai-battle/discussion/726708,726708,"Engine, rules, and runtime","Per-game cumulative time limit discussion reports 600 seconds, no per-move limit.",Runtime,,,,,Full original and every available nested reply read by archived research process; source text not duplicated in bundle,YES—all available comments/nested replies as of 2026-07-16,A-,Official site says maximum 10 minutes/player; exact Kaggle enforcement should be packaged-tested.
F713603,kaggle_discussion,Forum report,Game timer,Not retained in compact archive synthesis; host role noted where applicable,Read through 2026-07-16 snapshot,2026-07-24T09:43:04Z,https://www.kaggle.com/competitions/pokemon-tcg-ai-battle/discussion/713603,713603,"Engine, rules, and runtime",Game timer clarification.,Runtime,,,,,Full original and every available nested reply read by archived research process; source text not duplicated in bundle,YES—all available comments/nested replies as of 2026-07-16,A-,Date-specific.
F709704,kaggle_discussion,Forum report,CPU vs GPU runtime,Not retained in compact archive synthesis; host role noted where applicable,Read through 2026-07-16 snapshot,2026-07-24T09:43:04Z,https://www.kaggle.com/competitions/pokemon-tcg-ai-battle/discussion/709704,709704,"Engine, rules, and runtime",CPU versus GPU runtime discussion.,Runtime,,,,,Full original and every available nested reply read by archived research process; source text not duplicated in bundle,YES—all available comments/nested replies as of 2026-07-16,B,Participant/host mix; submission is CPU-oriented.
F717698,kaggle_discussion,Forum report,Environment speed,Not retained in compact archive synthesis; host role noted where applicable,Read through 2026-07-16 snapshot,2026-07-24T09:43:04Z,https://www.kaggle.com/competitions/pokemon-tcg-ai-battle/discussion/717698,717698,"Engine, rules, and runtime",Environment throughput discussion.,Systems,,,,,Full original and every available nested reply read by archived research process; source text not duplicated in bundle,YES—all available comments/nested replies as of 2026-07-16,B,Machine and harness dependent.
F709152,kaggle_discussion,Forum report,libcg.so memory leak,Not retained in compact archive synthesis; host role noted where applicable,Read through 2026-07-16 snapshot,2026-07-24T09:43:04Z,https://www.kaggle.com/competitions/pokemon-tcg-ai-battle/discussion/709152,709152,"Engine, rules, and runtime",Native library memory-leak report.,Reliability,,,,,Full original and every available nested reply read by archived research process; source text not duplicated in bundle,YES—all available comments/nested replies as of 2026-07-16,B,Historical engine/version specific.
F715644,kaggle_discussion,Forum report,search_step error,Not retained in compact archive synthesis; host role noted where applicable,Read through 2026-07-16 snapshot,2026-07-24T09:43:04Z,https://www.kaggle.com/competitions/pokemon-tcg-ai-battle/discussion/715644,715644,"Engine, rules, and runtime",search_step error report.,Search/runtime,,,,,Full original and every available nested reply read by archived research process; source text not duplicated in bundle,YES—all available comments/nested replies as of 2026-07-16,B,Must reproduce in current engine.
F714920,kaggle_discussion,Forum report,Deck search observation,Not retained in compact archive synthesis; host role noted where applicable,Read through 2026-07-16 snapshot,2026-07-24T09:43:04Z,https://www.kaggle.com/competitions/pokemon-tcg-ai-battle/discussion/714920,714920,"Engine, rules, and runtime",Full post and all available nested replies were reviewed in the archive synthesis for: Deck search observation.,See archive synthesis,,,,,Full original and every available nested reply read by archived research process; source text not duplicated in bundle,YES—all available comments/nested replies as of 2026-07-16,C,"Author, exact dates, compute, and rank were not retained in the compact synthesis; do not infer them."
F716241,kaggle_discussion,Forum report,Rare Candy engine report,Not retained in compact archive synthesis; host role noted where applicable,Read through 2026-07-16 snapshot,2026-07-24T09:43:04Z,https://www.kaggle.com/competitions/pokemon-tcg-ai-battle/discussion/716241,716241,"Engine, rules, and runtime",Full post and all available nested replies were reviewed in the archive synthesis for: Rare Candy engine report.,See archive synthesis,,,,,Full original and every available nested reply read by archived research process; source text not duplicated in bundle,YES—all available comments/nested replies as of 2026-07-16,C,"Author, exact dates, compute, and rank were not retained in the compact synthesis; do not infer them."
F712226,kaggle_discussion,Forum report,Mirage Barrage report,Not retained in compact archive synthesis; host role noted where applicable,Read through 2026-07-16 snapshot,2026-07-24T09:43:04Z,https://www.kaggle.com/competitions/pokemon-tcg-ai-battle/discussion/712226,712226,"Engine, rules, and runtime",Full post and all available nested replies were reviewed in the archive synthesis for: Mirage Barrage report.,See archive synthesis,,,,,Full original and every available nested reply read by archived research process; source text not duplicated in bundle,YES—all available comments/nested replies as of 2026-07-16,C,"Author, exact dates, compute, and rank were not retained in the compact synthesis; do not infer them."
F709895,kaggle_discussion,Forum report,First-player turn-one attack report,Not retained in compact archive synthesis; host role noted where applicable,Read through 2026-07-16 snapshot,2026-07-24T09:43:04Z,https://www.kaggle.com/competitions/pokemon-tcg-ai-battle/discussion/709895,709895,"Engine, rules, and runtime",Full post and all available nested replies were reviewed in the archive synthesis for: First-player turn-one attack report.,See archive synthesis,,,,,Full original and every available nested reply read by archived research process; source text not duplicated in bundle,YES—all available comments/nested replies as of 2026-07-16,C,"Author, exact dates, compute, and rank were not retained in the compact synthesis; do not infer them."
F712811,kaggle_discussion,Forum report,Unfair Stamp behavior,Not retained in compact archive synthesis; host role noted where applicable,Read through 2026-07-16 snapshot,2026-07-24T09:43:04Z,https://www.kaggle.com/competitions/pokemon-tcg-ai-battle/discussion/712811,712811,"Engine, rules, and runtime",Full post and all available nested replies were reviewed in the archive synthesis for: Unfair Stamp behavior.,See archive synthesis,,,,,Full original and every available nested reply read by archived research process; source text not duplicated in bundle,YES—all available comments/nested replies as of 2026-07-16,C,"Author, exact dates, compute, and rank were not retained in the compact synthesis; do not infer them."
F726485,kaggle_discussion,Forum report,Zero-damage attack report,Not retained in compact archive synthesis; host role noted where applicable,Read through 2026-07-16 snapshot,2026-07-24T09:43:04Z,https://www.kaggle.com/competitions/pokemon-tcg-ai-battle/discussion/726485,726485,"Engine, rules, and runtime",Full post and all available nested replies were reviewed in the archive synthesis for: Zero-damage attack report.,See archive synthesis,,,,,Full original and every available nested reply read by archived research process; source text not duplicated in bundle,YES—all available comments/nested replies as of 2026-07-16,C,"Author, exact dates, compute, and rank were not retained in the compact synthesis; do not infer them."
F709390,kaggle_discussion,Forum report,Revenge KOs,Not retained in compact archive synthesis; host role noted where applicable,Read through 2026-07-16 snapshot,2026-07-24T09:43:04Z,https://www.kaggle.com/competitions/pokemon-tcg-ai-battle/discussion/709390,709390,"Engine, rules, and runtime",Full post and all available nested replies were reviewed in the archive synthesis for: Revenge KOs.,See archive synthesis,,,,,Full original and every available nested reply read by archived research process; source text not duplicated in bundle,YES—all available comments/nested replies as of 2026-07-16,C,"Author, exact dates, compute, and rank were not retained in the compact synthesis; do not infer them."
F711741,kaggle_discussion,Forum report (host/organizer clarification),One agent with multiple decks,Not retained in compact archive synthesis; host role noted where applicable,Read through 2026-07-16 snapshot,2026-07-24T09:43:04Z,https://www.kaggle.com/competitions/pokemon-tcg-ai-battle/discussion/711741,711741,"Engine, rules, and runtime",Host states one consistent deck per submitted agent is intended despite technical possibility of switching.,Submission/deck contract,,,,,Full original and every available nested reply read by archived research process; source text not duplicated in bundle,YES—all available comments/nested replies as of 2026-07-16,A,Official current docs prevail.
F714189,kaggle_discussion,Forum report (host/organizer clarification),Simulation competition format reminder,Not retained in compact archive synthesis; host role noted where applicable,Read through 2026-07-16 snapshot,2026-07-24T09:43:04Z,https://www.kaggle.com/competitions/pokemon-tcg-ai-battle/discussion/714189,714189,Submission and evaluation behavior,Host reminder on simulation competition active submissions/final evaluation.,Submission operations,,,,,Full original and every available nested reply read by archived research process; source text not duplicated in bundle,YES—all available comments/nested replies as of 2026-07-16,A,Current official competition rules prevail.
F712621,kaggle_discussion,Forum report,Leaderboard scoring inconsistency,Not retained in compact archive synthesis; host role noted where applicable,Read through 2026-07-16 snapshot,2026-07-24T09:43:04Z,https://www.kaggle.com/competitions/pokemon-tcg-ai-battle/discussion/712621,712621,Submission and evaluation behavior,Identical/near-identical submissions reportedly differed by 150-400+ points early.,Ladder variance,,,,,Full original and every available nested reply read by archived research process; source text not duplicated in bundle,YES—all available comments/nested replies as of 2026-07-16,B,Early/provisional ratings and anecdotal sample.
F715251,kaggle_discussion,Forum report,Reproducible evaluation loop,Not retained in compact archive synthesis; host role noted where applicable,Read through 2026-07-16 snapshot,2026-07-24T09:43:04Z,https://www.kaggle.com/competitions/pokemon-tcg-ai-battle/discussion/715251,715251,Submission and evaluation behavior,Discussion recommends reproducible local evaluation and intervals; no deterministic ladder seed promised.,Evaluation,,,,,Full original and every available nested reply read by archived research process; source text not duplicated in bundle,YES—all available comments/nested replies as of 2026-07-16,B,Local seeds unavailable through normal wrapper.
F712657,kaggle_discussion,Forum report,Battle simulation matching,Not retained in compact archive synthesis; host role noted where applicable,Read through 2026-07-16 snapshot,2026-07-24T09:43:04Z,https://www.kaggle.com/competitions/pokemon-tcg-ai-battle/discussion/712657,712657,Submission and evaluation behavior,Reports submissions receiving few rounds then stopping.,Matchmaking,,,,,Full original and every available nested reply read by archived research process; source text not duplicated in bundle,YES—all available comments/nested replies as of 2026-07-16,C,No definitive official explanation.
F726690,kaggle_discussion,Forum report,Episode-rate disparity,Not retained in compact archive synthesis; host role noted where applicable,Read through 2026-07-16 snapshot,2026-07-24T09:43:04Z,https://www.kaggle.com/competitions/pokemon-tcg-ai-battle/discussion/726690,726690,Submission and evaluation behavior,Episode-rate disparity report: ~14-24/hour for one group versus ~2.4/hour for others.,Matchmaking,,,,,Full original and every available nested reply read by archived research process; source text not duplicated in bundle,YES—all available comments/nested replies as of 2026-07-16,C+,"Observation, not contract."
F724904,kaggle_discussion,Forum report,Matchmaking question,Not retained in compact archive synthesis; host role noted where applicable,Read through 2026-07-16 snapshot,2026-07-24T09:43:04Z,https://www.kaggle.com/competitions/pokemon-tcg-ai-battle/discussion/724904,724904,Submission and evaluation behavior,Participant reports about 10% random-opponent chance.,Matchmaking,,,,,Full original and every available nested reply read by archived research process; source text not duplicated in bundle,YES—all available comments/nested replies as of 2026-07-16,B-,Mutable and should be combined with host update.
F714030,kaggle_discussion,Forum report,Infinite move report,Not retained in compact archive synthesis; host role noted where applicable,Read through 2026-07-16 snapshot,2026-07-24T09:43:04Z,https://www.kaggle.com/competitions/pokemon-tcg-ai-battle/discussion/714030,714030,Submission and evaluation behavior,Full post and all available nested replies were reviewed in the archive synthesis for: Infinite move report.,See archive synthesis,,,,,Full original and every available nested reply read by archived research process; source text not duplicated in bundle,YES—all available comments/nested replies as of 2026-07-16,C,"Author, exact dates, compute, and rank were not retained in the compact synthesis; do not infer them."
F712893,kaggle_discussion,Forum report,Temporary game-rate decrease,Not retained in compact archive synthesis; host role noted where applicable,Read through 2026-07-16 snapshot,2026-07-24T09:43:04Z,https://www.kaggle.com/competitions/pokemon-tcg-ai-battle/discussion/712893,712893,Submission and evaluation behavior,Full post and all available nested replies were reviewed in the archive synthesis for: Temporary game-rate decrease.,See archive synthesis,,,,,Full original and every available nested reply read by archived research process; source text not duplicated in bundle,YES—all available comments/nested replies as of 2026-07-16,C,"Author, exact dates, compute, and rank were not retained in the compact synthesis; do not infer them."
F712476,kaggle_discussion,Forum report,Keeping an older agent active,Not retained in compact archive synthesis; host role noted where applicable,Read through 2026-07-16 snapshot,2026-07-24T09:43:04Z,https://www.kaggle.com/competitions/pokemon-tcg-ai-battle/discussion/712476,712476,Submission and evaluation behavior,Operational implication of two active submissions: resubmit older build to reactivate; rating can differ.,Submission operations,,,,,Full original and every available nested reply read by archived research process; source text not duplicated in bundle,YES—all available comments/nested replies as of 2026-07-16,A-,Current rules prevail.
F728071,kaggle_discussion_current_triage,Forum report / unverified current snippet,RL beginner/data-volume discussion,Unknown,2026-07-21 to 2026-07-24 approximate,2026-07-24T09:43:04Z,https://www.kaggle.com/competitions/pokemon-tcg-ai-battle/discussion/728071,728071,Mandatory live-update triage,"Imitation, 21k/100k-game claims, policy accuracy versus ladder, local tournaments, TPU/GPU and deck sensitivity.",,,,,,Not reproduced,NO—authenticated dynamic content unavailable; disclosed as audit limitation,D,Starter-set synopsis; live full body/comments inaccessible anonymously.
F724187,kaggle_discussion_current_triage,Forum report / unverified current snippet,PokéForge technical postmortem,Unknown,2026-07-21 to 2026-07-24 approximate,2026-07-24T09:43:04Z,https://www.kaggle.com/competitions/pokemon-tcg-ai-battle/discussion/724187,724187,Mandatory live-update triage,"Copying mature policies, specialist/generalist failure, CRN, mirror transfer, packaging, offline/live mismatch.",,,,,,Not reproduced,NO—authenticated dynamic content unavailable; disclosed as audit limitation,D,Starter-set synopsis; not independently full-read in this audit environment.
F728301,kaggle_discussion_current_triage,Forum report / unverified current snippet,Local evaluation variance and matchup harness,Unknown,2026-07-21 to 2026-07-24 approximate,2026-07-24T09:43:04Z,https://www.kaggle.com/competitions/pokemon-tcg-ai-battle/discussion/728301,728301,Mandatory live-update triage,Seeded-RNG engine modification and matchup variance.,,,,,,Not reproduced,NO—authenticated dynamic content unavailable; disclosed as audit limitation,D,Current topic identified; full comments require authenticated Kaggle access.
F727816,kaggle_discussion_current_triage,Forum report / unverified current snippet,Deck choice and evolving meta,Unknown,2026-07-21 to 2026-07-24 approximate,2026-07-24T09:43:04Z,https://www.kaggle.com/competitions/pokemon-tcg-ai-battle/discussion/727816,727816,Mandatory live-update triage,"Archetype self-play, human-domain advice and pilot-versus-deck choice.",,,,,,Not reproduced,NO—authenticated dynamic content unavailable; disclosed as audit limitation,D,Current topic identified; full comments require authenticated Kaggle access.
F728168,kaggle_discussion_current_triage,Forum report / unverified current snippet,Rule-based score/rank discussion,Unknown,2026-07-21 to 2026-07-24 approximate,2026-07-24T09:43:04Z,https://www.kaggle.com/competitions/pokemon-tcg-ai-battle/discussion/728168,728168,Mandatory live-update triage,Suggests strong rule policies may reach meaningful rank without expensive learning.,,,,,,Not reproduced,NO—authenticated dynamic content unavailable; disclosed as audit limitation,D,Current topic identified; full comments require authenticated Kaggle access.
F728587,kaggle_discussion_current_triage,Forum report / unverified current snippet,Late-July discussion surfaced by public search,Unknown,2026-07-21 to 2026-07-24 approximate,2026-07-24T09:43:04Z,https://www.kaggle.com/competitions/pokemon-tcg-ai-battle/discussion/728587,728587,Mandatory live-update triage,Potential current update; public search exposed only a competition shell/snippet.,,,,,,Not reproduced,NO—authenticated dynamic content unavailable; disclosed as audit limitation,D,Title/body/comments not reliably accessible.
R001,primary_research,Research-supported inference,Proximal Policy Optimization Algorithms,Schulman et al.,2017,2026-07-24T09:43:04Z,https://arxiv.org/abs/1707.06347,,Method/statistics transfer,Clipped surrogate updates; transferable to existing recurrent compound-action PPO.,PPO,,,,,Primary paper or publisher page,N/A,A,Transfer assumptions are evaluated in the report; paper results are not direct evidence of Pokémon strength.
R002,primary_research,Research-supported inference,High-Dimensional Continuous Control Using Generalized Advantage Estimation,Schulman et al.,2015,2026-07-24T09:43:04Z,https://arxiv.org/abs/1506.02438,,Method/statistics transfer,Bias-variance control for advantage estimates; existing GAE stack supports it.,GAE,,,,,Primary paper or publisher page,N/A,A,Transfer assumptions are evaluated in the report; paper results are not direct evidence of Pokémon strength.
R003,primary_research,Research-supported inference,IMPALA: Scalable Distributed Deep-RL with Importance Weighted Actor-Learner Architectures,Espeholt et al.,2018,2026-07-24T09:43:04Z,https://arxiv.org/abs/1802.01561,,Method/statistics transfer,V-trace corrects off-policy actor lag; unnecessary while project keeps zero lag.,IMPALA/V-trace,,,,,Primary paper or publisher page,N/A,A,Transfer assumptions are evaluated in the report; paper results are not direct evidence of Pokémon strength.
R004,primary_research,Research-supported inference,Recurrent Experience Replay in Distributed Reinforcement Learning,Kapturowski et al.,2019,2026-07-24T09:43:04Z,https://openreview.net/forum?id=r1lyTjAqYX,,Method/statistics transfer,"Burn-in, recurrent replay and distributed actors; high systems cost under deadline.",R2D2,,,,,Primary paper or publisher page,N/A,A,Transfer assumptions are evaluated in the report; paper results are not direct evidence of Pokémon strength.
R005,primary_research,Research-supported inference,Distributed Prioritized Experience Replay,Horgan et al.,2018,2026-07-24T09:43:04Z,https://arxiv.org/abs/1803.00933,,Method/statistics transfer,Ape-X separates actors/learner and prioritizes replay; more rearchitecture than current decision needs.,Ape-X,,,,,Primary paper or publisher page,N/A,A,Transfer assumptions are evaluated in the report; paper results are not direct evidence of Pokémon strength.
R006,primary_research,Research-supported inference,Reverb: A Framework for Experience Replay,Cassirer et al.,2021,2026-07-24T09:43:04Z,https://arxiv.org/abs/2102.04736,,Method/statistics transfer,Reliable replay service concepts; useful only if asynchronous architecture is adopted.,Replay systems,,,,,Primary paper or publisher page,N/A,A,Transfer assumptions are evaluated in the report; paper results are not direct evidence of Pokémon strength.
R007,primary_research,Research-supported inference,A Reduction of Imitation Learning and Structured Prediction to No-Regret Online Learning,Ross et al.,2011,2026-07-24T09:43:04Z,https://proceedings.mlr.press/v15/ross11a.html,,Method/statistics transfer,DAgger mitigates covariate shift by querying a teacher on learner states.,DAgger,,,,,Primary paper or publisher page,N/A,A,Transfer assumptions are evaluated in the report; paper results are not direct evidence of Pokémon strength.
R008,primary_research,Research-supported inference,Deep Q-learning from Demonstrations,Hester et al.,2018,2026-07-24T09:43:04Z,https://arxiv.org/abs/1704.03732,,Method/statistics transfer,Demonstration margin and replay regularization; structured sequential actions make direct Q transfer expensive.,DQfD,,,,,Primary paper or publisher page,N/A,A,Transfer assumptions are evaluated in the report; paper results are not direct evidence of Pokémon strength.
R009,primary_research,Research-supported inference,Learning Complex Dexterous Manipulation with Deep Reinforcement Learning and Demonstrations,Rajeswaran et al.,2018,2026-07-24T09:43:04Z,https://arxiv.org/abs/1709.10087,,Method/statistics transfer,DAPG combines BC initialization with decaying demonstration gradients.,DAPG,,,,,Primary paper or publisher page,N/A,A,Transfer assumptions are evaluated in the report; paper results are not direct evidence of Pokémon strength.
R010,primary_research,Research-supported inference,Kickstarting Deep Reinforcement Learning,Schmitt et al.,2018,2026-07-24T09:43:04Z,https://arxiv.org/abs/1803.03835,,Method/statistics transfer,Teacher policy distillation during RL stabilizes and accelerates learning.,Kickstarting,,,,,Primary paper or publisher page,N/A,A,Transfer assumptions are evaluated in the report; paper results are not direct evidence of Pokémon strength.
R011,primary_research,Research-supported inference,Policy Optimization from Demonstrations,Kang et al.,2018,2026-07-24T09:43:04Z,https://arxiv.org/abs/1805.07087,,Method/statistics transfer,Demonstration-guided policy optimization.,POfD,,,,,Primary paper or publisher page,N/A,A,Transfer assumptions are evaluated in the report; paper results are not direct evidence of Pokémon strength.
R012,primary_research,Research-supported inference,Policy Distillation,Rusu et al.,2015,2026-07-24T09:43:04Z,https://arxiv.org/abs/1511.06295,,Method/statistics transfer,Supervised transfer from one or multiple teachers.,Policy distillation,,,,,Primary paper or publisher page,N/A,A,Transfer assumptions are evaluated in the report; paper results are not direct evidence of Pokémon strength.
R013,primary_research,Research-supported inference,AWAC: Accelerating Online Reinforcement Learning with Offline Datasets,Nair et al.,2020,2026-07-24T09:43:04Z,https://arxiv.org/abs/2006.09359,,Method/statistics transfer,Advantage-weighted supervised policy updates bridge offline and online data.,AWAC,,,,,Primary paper or publisher page,N/A,A,Transfer assumptions are evaluated in the report; paper results are not direct evidence of Pokémon strength.
R014,primary_research,Research-supported inference,Offline Reinforcement Learning with Implicit Q-Learning,Kostrikov et al.,2021,2026-07-24T09:43:04Z,https://arxiv.org/abs/2110.06169,,Method/statistics transfer,Avoids querying OOD actions; still requires reliable rewards/Q over structured actions.,IQL,,,,,Primary paper or publisher page,N/A,A,Transfer assumptions are evaluated in the report; paper results are not direct evidence of Pokémon strength.
R015,primary_research,Research-supported inference,Conservative Q-Learning for Offline Reinforcement Learning,Kumar et al.,2020,2026-07-24T09:43:04Z,https://arxiv.org/abs/2006.04779,,Method/statistics transfer,Conservative value estimates reduce offline overestimation; action-sequence Q implementation is nontrivial.,CQL,,,,,Primary paper or publisher page,N/A,A,Transfer assumptions are evaluated in the report; paper results are not direct evidence of Pokémon strength.
R016,primary_research,Research-supported inference,Decision Transformer: Reinforcement Learning via Sequence Modeling,Chen et al.,2021,2026-07-24T09:43:04Z,https://arxiv.org/abs/2106.01345,,Method/statistics transfer,Return-conditioned sequence modeling; data-hungry and awkward for small biased replay set.,Decision Transformer,,,,,Primary paper or publisher page,N/A,A,Transfer assumptions are evaluated in the report; paper results are not direct evidence of Pokémon strength.
R017,primary_research,Research-supported inference,Neural Fictitious Self-Play,Heinrich & Silver,2016,2026-07-24T09:43:04Z,https://arxiv.org/abs/1603.01121,,Method/statistics transfer,Average policy plus best response for imperfect-information games.,NFSP,,,,,Primary paper or publisher page,N/A,A,Transfer assumptions are evaluated in the report; paper results are not direct evidence of Pokémon strength.
R018,primary_research,Research-supported inference,A Unified Game-Theoretic Approach to Multiagent Reinforcement Learning,Lanctot et al.,2017,2026-07-24T09:43:04Z,https://arxiv.org/abs/1711.00832,,Method/statistics transfer,PSRO iteratively adds best responses and solves a meta-game.,PSRO,,,,,Primary paper or publisher page,N/A,A,Transfer assumptions are evaluated in the report; paper results are not direct evidence of Pokémon strength.
R019,primary_research,Research-supported inference,Grandmaster level in StarCraft II using multi-agent reinforcement learning,Vinyals et al.,2019,2026-07-24T09:43:04Z,https://www.nature.com/articles/s41586-019-1724-z,,Method/statistics transfer,League populations/exploiters reduce cycling and expose weaknesses.,AlphaStar league,,,,,Primary paper or publisher page,N/A,A,Transfer assumptions are evaluated in the report; paper results are not direct evidence of Pokémon strength.
R020,primary_research,Research-supported inference,Mastering Chess and Shogi by Self-Play with a General Reinforcement Learning Algorithm,Silver et al.,2017,2026-07-24T09:43:04Z,https://arxiv.org/abs/1712.01815,,Method/statistics transfer,Policy/value guided MCTS; assumes huge search/training budget and easier state observability.,AlphaZero,,,,,Primary paper or publisher page,N/A,A,Transfer assumptions are evaluated in the report; paper results are not direct evidence of Pokémon strength.
R021,primary_research,Research-supported inference,"Mastering Atari, Go, Chess and Shogi by Planning with a Learned Model",Schrittwieser et al.,2019,2026-07-24T09:43:04Z,https://arxiv.org/abs/1911.08265,,Method/statistics transfer,Latent dynamics planning without known rules; unnecessary where exact simulator exists.,MuZero,,,,,Primary paper or publisher page,N/A,A,Transfer assumptions are evaluated in the report; paper results are not direct evidence of Pokémon strength.
R022,primary_research,Research-supported inference,Learning and Planning in Complex Action Spaces,Hubert et al.,2021,2026-07-24T09:43:04Z,https://arxiv.org/abs/2104.06303,,Method/statistics transfer,Sampled MuZero handles large action spaces; still high implementation/runtime cost.,Sampled MuZero,,,,,Primary paper or publisher page,N/A,A,Transfer assumptions are evaluated in the report; paper results are not direct evidence of Pokémon strength.
R023,primary_research,Research-supported inference,Mastering Atari Games with Limited Data,Ye et al.,2021,2026-07-24T09:43:04Z,https://arxiv.org/abs/2111.00210,,Method/statistics transfer,EfficientZero adds consistency/value-prefix objectives for data efficiency.,EfficientZero,,,,,Primary paper or publisher page,N/A,A,Transfer assumptions are evaluated in the report; paper results are not direct evidence of Pokémon strength.
R024,primary_research,Research-supported inference,Monte-Carlo Planning in Large POMDPs,Silver & Veness,2010,2026-07-24T09:43:04Z,https://papers.nips.cc/paper/4031-monte-carlo-planning-in-large-pomdps,,Method/statistics transfer,POMCP uses particle beliefs and online planning; hidden-deck hypothesis cost is high.,POMCP,,,,,Primary paper or publisher page,N/A,A,Transfer assumptions are evaluated in the report; paper results are not direct evidence of Pokémon strength.
R025,primary_research,Research-supported inference,Information Set Monte Carlo Tree Search,Cowling et al.,2012,2026-07-24T09:43:04Z,https://ieeexplore.ieee.org/document/6203567,,Method/statistics transfer,ISMCTS plans over information sets; determinization pathologies apply.,ISMCTS,,,,,Primary paper or publisher page,N/A,A,Transfer assumptions are evaluated in the report; paper results are not direct evidence of Pokémon strength.
R026,primary_research,Research-supported inference,Deep Counterfactual Regret Minimization,Brown et al.,2019,2026-07-24T09:43:04Z,https://arxiv.org/abs/1811.00164,,Method/statistics transfer,Approximate CFR for imperfect-information games; requires game traversal and equilibrium objective.,Deep CFR,,,,,Primary paper or publisher page,N/A,A,Transfer assumptions are evaluated in the report; paper results are not direct evidence of Pokémon strength.
R027,primary_research,Research-supported inference,Combining Deep Reinforcement Learning and Search for Imperfect-Information Games,Brown et al.,2020,2026-07-24T09:43:04Z,https://arxiv.org/abs/2007.13544,,Method/statistics transfer,ReBeL plans in public belief states; powerful but far beyond remaining systems budget.,ReBeL,,,,,Primary paper or publisher page,N/A,A,Transfer assumptions are evaluated in the report; paper results are not direct evidence of Pokémon strength.
R028,primary_research,Research-supported inference,Sequential Tests of Statistical Hypotheses,Wald,1945,2026-07-24T09:43:04Z,https://projecteuclid.org/journals/annals-of-mathematical-statistics/volume-16/issue-2/Sequential-Tests-of-Statistical-Hypotheses/10.1214/aoms/1177731118.full,,Method/statistics transfer,SPRT formalizes early stopping with controlled errors.,Sequential testing,,,,,Primary paper or publisher page,N/A,A,Transfer assumptions are evaluated in the report; paper results are not direct evidence of Pokémon strength.
R029,primary_research,Research-supported inference,"Probable Inference, the Law of Succession, and Statistical Inference",Edwin B. Wilson,1927,2026-07-24T09:43:04Z,https://www.jstor.org/stable/2276774,,Method/statistics transfer,Wilson score interval gives better binomial uncertainty than Wald intervals.,Wilson interval,,,,,Primary paper or publisher page,N/A,A,Transfer assumptions are evaluated in the report; paper results are not direct evidence of Pokémon strength.
R030,primary_research,Research-supported inference,A Simple Sequentially Rejective Multiple Test Procedure,Holm,1979,2026-07-24T09:43:04Z,https://www.jstor.org/stable/4615733,,Method/statistics transfer,Holm correction controls family-wise error across checkpoint/deck comparisons.,Multiple comparison control,,,,,Primary paper or publisher page,N/A,A,Transfer assumptions are evaluated in the report; paper results are not direct evidence of Pokémon strength.
R031,primary_research,Research-supported inference,Bootstrap Methods: Another Look at the Jackknife,Efron,1979,2026-07-24T09:43:04Z,https://projecteuclid.org/journals/annals-of-statistics/volume-7/issue-1/Bootstrap-Methods-Another-Look-at-the-Jackknife/10.1214/aos/1176344552.full,,Method/statistics transfer,Episode-level/bootstrap intervals can preserve game grouping.,Bootstrap,,,,,Primary paper or publisher page,N/A,A,Transfer assumptions are evaluated in the report; paper results are not direct evidence of Pokémon strength.
H001,other_high_quality,Research-supported inference,Lux AI Challenge Season 1 official engine/design repository,Lux AI Challenge,Current/archive,2026-07-24T09:43:04Z,https://github.com/Lux-AI-Challenge/Lux-Design-S1,,Competition/domain implementation evidence,Local tournament/Docker parity is valuable in simulation competitions.,,,,,,Official implementation,N/A,B+,Human tournament or other simulation evidence does not directly identify the Kaggle hidden meta.
H002,other_high_quality,Research-supported inference,TomBombadyl public Pokémon agent repository,Public participant,Current/archive,2026-07-24T09:43:04Z,https://github.com/TomBombadyl/kaggle_pokemon,,Competition/domain implementation evidence,Archive research reports a broad rule/search/RL comparison with rule/shallow-search outperforming narrow learned attempts.,,,,,,Public code/postmortem; not independently rerun,N/A,B+,Human tournament or other simulation evidence does not directly identify the Kaggle hidden meta.
H003,other_high_quality,Research-supported inference,Official Pokémon competition site rules-precedence statement,The Pokémon Company,Current/archive,2026-07-24T09:43:04Z,https://ptcg-abc.pokemon.co.jp/,,Competition/domain implementation evidence,Kaggle rules govern conflicts and format is tournament-tailored.,,,,,,Official domain source,N/A,B+,Human tournament or other simulation evidence does not directly identify the Kaggle hidden meta.
H004,other_high_quality,Verified project fact,Included Mega Lucario exact deck and policy,Project private context,Current/archive,2026-07-24T09:43:04Z,private_context/baselines/mega-lucario/,,Competition/domain implementation evidence,A concrete legal specialist hedge and potential teacher.,,,,,,Included source,N/A,B+,Human tournament or other simulation evidence does not directly identify the Kaggle hidden meta.
H005,other_high_quality,Verified project fact,Included Dragapult exact deck and policy,Project private context,Current/archive,2026-07-24T09:43:04Z,private_context/baselines/dragapult-ex/,,Competition/domain implementation evidence,High-complexity spread/prize planner and hard anchor.,,,,,,Included source,N/A,B+,Human tournament or other simulation evidence does not directly identify the Kaggle hidden meta.
